PLAYER_ID,LEAGUE_ID,Team_ID,GP,GS,MIN,FGM,FGA,FG_PCT,FG3M,FG3A,FG3_PCT,FTM,FTA,FT_PCT,OREB,DREB,REB,AST,STL,BLK,TOV,PF,PTS
203500,00,0,588,524,15813.0,2346,3972,0.590634,1,13,0.076923,936,1708,0.548009,2036,2507,4543,726,523,569,835,1497,5629
1628389,00,0,287,183,7841.0,1350,2416,0.558774,7,44,0.15909,842,1141,0.737949,601,1685,2286,999,260,265,560,668,3549
200746,00,0,1029,985,35192.0,8059,16414,0.490983,213,664,0.320783,3620,4461,0.811477,2703,5775,8478,2034,744,1140,1599,2520,19951
1629734,00,0,2,0,13.0,1,2,0.5,0,0,0.0,0,0,0.0,2,1,3,0,0,0,1,1,2
1629638,00,0,93,14,1598.0,290,724,0.400552,122,352,0.34659,73,103,0.708737,22,206,228,191,64,30,123,145,775
1628960,00,0,126,40,2394.0,357,843,0.423487,196,514,0.381322,163,196,0.831632,30,238,268,185,62,16,114,171,1073
1628386,00,0,285,220,7253.0,1169,1912,0.611401,17,85,0.2,686,985,0.696446,747,1615,2362,375,143,390,362,589,3041
1628443,00,0,47,2,640.0,90,207,0.434782,22,63,0.349206,56,74,0.756756,14,57,71,109,24,8,43,68,258
202329,00,0,711,445,17698.0,1948,4641,0.419737,543,1634,0.332313,911,1221,0.746109,982,3298,4280,879,678,397,863,1302,5350
1626147,00,0,226,24,2964.0,418,1011,0.413452,144,486,0.296296,202,261,0.773946,137,438,575,151,97,74,133,269,1182
203937,00,0,436,237,9101.0,1108,2296,0.482578,176,525,0.335238,453,626,0.723642,305,1547,1852,984,433,253,412,645,2845
201583,00,0,649,289,16768.0,2755,6533,0.421705,1325,3491,0.379547,1166,1366,0.853587,1247,2166,3413,586,332,217,606,1263,8001
203507,00,0,589,524,19150.0,4499,8457,0.531985,376,1308,0.287461,2945,4107,0.717068,985,4386,5371,2632,692,765,1665,1757,12319
1628961,00,0,22,0,86.0,6,16,0.375,0,0,0.0,9,19,0.473684,6,17,23,3,4,4,13,10,21
203648,00,0,79,5,686.0,94,189,0.497354,7,40,0.175,32,66,0.484848,66,83,149,61,29,12,55,94,227
2546,00,0,1191,1117,41720.0,9800,21920,0.44708,1582,4476,0.35344,6188,7605,0.813675,1921,5599,7520,3354,1176,592,2993,3377,27370
1628384,00,0,253,179,6333.0,881,1835,0.480108,333,888,0.375,227,328,0.692073,236,746,982,304,260,113,254,551,2322
1627853,00,0,207,36,3646.0,343,796,0.430904,169,453,0.373068,134,166,0.807228,53,368,421,456,114,7,123,332,989
2772,00,0,1094,758,32493.0,4102,9705,0.422668,1585,4505,0.351831,1708,2332,0.732418,1071,4203,5274,2352,1615,349,1462,2185,11497
201571,00,0,921,332,21969.0,2900,7048,0.411464,1194,3147,0.379408,1971,2274,0.866754,281,1456,1737,3654,550,31,1372,1311,8965
1629028,00,0,178,171,5534.0,1249,2125,0.587764,7,37,0.189189,341,451,0.756097,598,1294,1892,296,128,206,309,522,2846
1628407,00,0,207,80,4012.0,571,1419,0.402396,127,404,0.314356,234,300,0.78,58,479,537,230,96,14,124,273,1503
1628963,00,0,118,52,3013.0,681,1363,0.499633,71,226,0.314159,283,427,0.662763,297,589,886,115,60,92,175,263,1716
1628366,00,0,217,204,6975.0,955,2407,0.396759,485,1373,0.353241,145,259,0.559845,227,1030,1257,1385,327,131,555,462,2540
1628964,00,0,155,6,2369.0,391,830,0.471084,96,295,0.325423,113,175,0.645714,240,560,800,116,50,208,121,305,991
200826,00,0,831,108,16287.0,2832,6685,0.423635,819,2330,0.351502,932,1174,0.793867,253,1495,1748,3270,331,24,1264,1168,7415
203084,00,0,670,609,21176.0,3409,7546,0.451762,860,2284,0.376532,1623,2029,0.799901,681,2704,3385,1190,469,128,812,1092,9301
1629628,00,0,128,127,4215.0,759,1787,0.424734,187,506,0.369565,362,530,0.683018,118,575,693,360,108,37,263,310,2067
203115,00,0,552,213,13846.0,2294,5301,0.432748,670,1906,0.351521,945,1203,0.785536,412,1903,2315,1429,421,228,773,880,6203
1628966,00,0,104,3,1492.0,190,443,0.428893,52,172,0.302325,86,124,0.693548,50,209,259,59,48,43,38,83,518
201587,00,0,856,752,26566.0,3436,7882,0.435929,1357,3768,0.360138,1429,1700,0.840588,885,3568,4453,3115,816,537,1502,1500,9658
203382,00,0,522,168,8370.0,1243,2543,0.488792,111,360,0.308333,518,652,0.794478,805,1591,2396,421,118,254,445,1164,3115
203145,00,0,618,296,13001.0,1884,4529,0.415985,665,1867,0.356186,849,1173,0.723785,224,1779,2003,1120,633,300,884,1268,5282
1629647,00,0,116,64,2844.0,398,1007,0.395233,132,427,0.309133,168,240,0.7,81,561,642,140,52,66,167,115,1096
203078,00,0,605,571,20979.0,4832,10586,0.456451,1371,3641,0.376544,2268,2765,0.820253,522,1930,2452,2436,691,236,1428,1340,13303
1627736,00,0,257,69,5049.0,946,2122,0.445805,435,1112,0.391187,208,255,0.815686,100,498,598,302,147,32,204,301,2535
201158,00,0,860,219,19547.0,2949,6959,0.423767,1216,3230,0.37647,1256,1485,0.845791,187,1582,1769,1429,488,65,850,1222,8370
1628395,00,0,160,17,1936.0,257,466,0.551502,4,20,0.2,75,118,0.635593,152,344,496,201,61,122,118,198,593
1627761,00,0,240,35,4645.0,596,1298,0.459167,91,339,0.268436,183,299,0.61204,143,644,787,467,242,95,336,420,1466
1627733,00,0,187,67,3755.0,373,934,0.399357,183,567,0.322751,85,130,0.653846,113,607,720,237,54,106,202,372,1014
202722,00,0,331,39,6572.0,926,2141,0.432508,677,1663,0.407095,325,380,0.855263,116,812,928,361,151,135,203,576,2854
201976,00,0,468,384,12934.0,1450,3496,0.414759,749,1961,0.381947,472,618,0.763754,530,1473,2003,1571,535,219,594,1458,4121
203920,00,0,207,47,3673.0,421,800,0.52625,13,54,0.24074,257,374,0.687165,414,563,977,211,101,123,116,332,1112
1629048,00,0,99,5,1033.0,153,344,0.444767,28,121,0.231404,69,94,0.734042,85,171,256,60,19,97,45,159,403
202687,00,0,702,307,14214.0,1374,2609,0.526638,0,3,0.0,856,1513,0.565763,1392,2923,4315,419,176,926,648,1549,3604
202357,00,0,378,162,8030.0,1119,2404,0.465474,444,1147,0.387096,297,388,0.765463,424,1333,1757,666,247,158,372,930,2979
202339,00,0,702,539,19660.0,3492,7701,0.453447,803,2382,0.337111,2027,2581,0.785354,542,2213,2755,3320,959,325,1772,1408,9814
203992,00,0,253,124,7194.0,1309,2966,0.441335,573,1475,0.388474,360,441,0.816326,117,716,833,879,257,59,398,546,3551
202711,00,0,534,417,15387.0,2711,5933,0.456935,1052,2676,0.393124,1321,1533,0.861709,265,1623,1888,825,300,41,851,861,7795
1629626,00,0,39,2,247.0,39,86,0.453488,13,33,0.393939,18,25,0.72,5,38,43,13,5,16,23,25,109
1628413,00,0,51,10,686.0,84,173,0.485549,34,100,0.34,15,31,0.48387,50,124,174,40,20,41,38,109,217
1629648,00,0,24,0,249.0,28,74,0.378378,12,42,0.285714,0,0,0.0,4,24,28,26,3,0,5,17,68
1629067,00,0,128,57,1802.0,153,348,0.439655,38,126,0.301587,83,108,0.768518,98,215,313,114,65,35,86,228,427
1626164,00,0,409,384,13727.0,3264,7177,0.454786,795,2261,0.351614,2072,2381,0.870222,201,1322,1523,1899,321,102,1330,1229,9395
1628449,00,0,151,14,2436.0,463,936,0.494658,140,391,0.358056,256,324,0.790123,240,498,738,91,63,196,81,311,1322
1628968,00,0,12,1,46.0,4,14,0.285714,0,3,0.0,1,1,1.0,1,9,10,0,0,1,1,4,9
1629065,00,0,45,12,1015.0,134,321,0.417445,33,107,0.308411,34,41,0.829268,24,97,121,131,44,10,70,102,335
202340,00,0,598,499,16746.0,2766,6366,0.434495,777,2143,0.362575,576,738,0.780487,366,1361,1727,1058,602,119,830,1309,6885
1628396,00,0,112,11,1412.0,268,413,0.64891,3,7,0.428571,71,105,0.67619,209,323,532,62,31,65,66,183,610
1629714,00,0,37,0,234.0,35,80,0.4375,15,41,0.365853,3,4,0.75,11,36,47,26,10,7,15,24,88
1629649,00,0,22,0,302.0,41,105,0.390476,12,37,0.324324,14,19,0.736842,13,37,50,21,4,4,14,25,108
1628969,00,0,227,160,6807.0,852,1716,0.496503,309,822,0.375912,308,371,0.830188,198,667,865,454,307,147,200,480,2321
1628970,00,0,211,108,5624.0,869,1886,0.460763,280,790,0.35443,262,321,0.816199,236,846,1082,356,139,149,251,386,2280
1629052,00,0,40,16,654.0,86,187,0.459893,36,93,0.387096,58,75,0.773333,38,103,141,25,23,21,17,50,266
1629151,00,0,59,1,634.0,79,185,0.427027,58,144,0.402777,22,27,0.814814,13,93,106,33,11,8,22,50,238
1627763,00,0,297,222,8846.0,1682,3610,0.465927,464,1202,0.386023,644,726,0.887052,239,974,1213,1384,255,63,516,578,4472
1628415,00,0,240,214,6789.0,1256,2993,0.419645,384,1087,0.353265,469,594,0.789562,179,548,727,458,224,74,386,798,3365
1628971,00,0,197,136,4535.0,558,1184,0.471283,74,248,0.298387,219,296,0.739864,220,588,808,425,161,93,200,485,1409
1627759,00,0,337,230,9339.0,1898,4015,0.472727,554,1465,0.378156,735,1052,0.698669,309,1281,1590,591,311,128,574,844,5085
1629650,00,0,52,32,953.0,150,278,0.539568,0,0,0.0,81,134,0.604477,157,240,397,11,32,48,46,100,381
1628425,00,0,215,26,3806.0,472,1108,0.425992,220,589,0.373514,107,137,0.781021,125,609,734,232,123,40,154,319,1271
1629718,00,0,19,1,192.0,19,62,0.306451,8,30,0.266666,14,15,0.933333,5,16,21,11,6,4,9,22,60
1628972,00,0,155,32,3035.0,432,1000,0.432,105,318,0.330188,156,207,0.753623,131,502,633,287,116,18,130,237,1125
1628973,00,0,198,66,4311.0,773,1580,0.48924,187,501,0.373253,268,346,0.774566,74,460,534,657,94,9,234,310,2001
1628418,00,0,143,99,2986.0,619,1032,0.599806,80,221,0.36199,214,286,0.748251,232,631,863,196,55,126,126,266,1532
203493,00,0,366,202,7873.0,1014,2342,0.432963,560,1428,0.392156,211,250,0.844,117,737,854,441,211,49,215,477,2799
203504,00,0,456,130,9960.0,1763,4285,0.411435,538,1555,0.34598,514,636,0.808176,160,685,845,1465,262,52,529,602,4578
202692,00,0,544,91,12060.0,1946,4614,0.421759,507,1360,0.372794,1306,1641,0.795856,323,1490,1813,1025,353,106,677,969,5705
1629126,00,0,71,0,596.0,76,207,0.367149,18,80,0.225,16,26,0.615384,11,74,85,26,13,18,28,65,186
202710,00,0,633,528,20932.0,3573,7802,0.457959,529,1616,0.327351,3328,3972,0.837865,968,2354,3322,2524,1033,296,1001,908,11003
203998,00,0,105,20,1293.0,162,402,0.402985,62,201,0.308457,56,67,0.83582,82,186,268,72,36,59,69,135,442
1629719,00,0,21,1,107.0,20,35,0.571428,0,0,0.0,5,11,0.454545,14,23,37,2,5,4,5,8,45
203484,00,0,606,464,17644.0,2465,5887,0.418719,1001,2817,0.355342,962,1198,0.803005,382,1505,1887,1005,665,128,603,1115,6893
1628427,00,0,55,1,327.0,39,87,0.448275,10,39,0.25641,14,17,0.823529,16,44,60,17,12,3,17,25,102
203991,00,0,397,337,10572.0,2179,3480,0.626149,0,2,0.0,673,1260,0.534126,1386,2760,4146,373,273,620,485,983,5031
201960,00,0,578,339,13674.0,1806,4204,0.42959,658,1839,0.357803,880,1188,0.74074,655,1799,2454,726,524,151,498,1127,5150
1628975,00,0,157,6,2238.0,251,651,0.38556,152,399,0.380952,53,66,0.80303,60,216,276,224,102,37,81,197,707
1713,00,0,1541,982,46371.0,9293,21339,0.435493,2290,6168,0.371271,4852,6082,0.797763,1658,4948,6606,4714,1530,888,2590,3995,25728
1628976,00,0,141,131,3741.0,593,1171,0.506404,27,112,0.241071,332,443,0.749435,358,797,1155,233,94,136,215,460,1545
203487,00,0,391,217,9899.0,1492,3716,0.401506,182,713,0.255259,857,1214,0.70593,378,1335,1713,1701,497,214,912,959,4023
1627936,00,0,184,19,3484.0,380,885,0.429378,132,350,0.377142,190,264,0.719696,83,342,425,436,181,52,213,312,1082
1626161,00,0,402,253,9092.0,1536,2818,0.545067,5,30,0.166666,564,921,0.612377,681,1749,2430,588,343,332,377,955,3641
2199,00,0,1160,886,31618.0,3558,5964,0.596579,0,11,0.0,2393,3714,0.644318,3529,6938,10467,967,630,1335,1656,3268,9509
201163,00,0,676,483,20286.0,3270,7382,0.442969,874,2560,0.341406,1049,1363,0.769625,766,2808,3574,1205,470,414,931,1807,8463
1629597,00,0,4,0,51.0,6,9,0.666666,0,1,0.0,0,0,0.0,3,6,9,3,1,1,4,10,12
1629185,00,0,57,3,666.0,88,236,0.372881,42,119,0.352941,18,22,0.818181,13,68,81,152,29,11,49,58,236
1627737,00,0,258,147,4992.0,768,1688,0.454976,153,530,0.288679,363,544,0.667279,329,934,1263,281,174,215,331,674,2052
1629109,00,0,132,18,1861.0,144,416,0.346153,111,357,0.310924,24,27,0.888888,94,247,341,66,39,55,34,128,423
1629634,00,0,117,20,2715.0,552,974,0.566735,43,141,0.304964,163,225,0.724444,189,484,673,176,92,99,88,184,1310
203903,00,0,521,141,14049.0,3029,6841,0.442771,882,2572,0.342923,1010,1221,0.82719,434,1264,1698,1332,449,72,869,864,7950
1629651,00,0,47,1,781.0,117,193,0.606217,2,12,0.166666,42,85,0.494117,62,148,210,44,24,48,27,82,278
1629598,00,0,33,0,291.0,57,142,0.401408,37,107,0.345794,10,11,0.90909,4,26,30,27,9,6,19,26,161
1628499,00,0,28,0,168.0,12,35,0.342857,3,7,0.428571,7,11,0.636363,5,16,21,3,8,8,9,31,34
1629599,00,0,62,2,554.0,68,157,0.433121,29,75,0.386666,33,49,0.673469,14,46,60,36,15,2,23,50,198
1628381,00,0,239,189,6824.0,1561,2752,0.567223,213,560,0.380357,626,806,0.776674,629,1390,2019,357,134,248,384,745,3961
1628380,00,0,154,12,2691.0,336,757,0.443857,82,253,0.32411,127,176,0.72159,179,435,614,139,47,102,149,343,881
201144,00,0,886,850,28560.0,4698,10691,0.439435,1320,3485,0.378766,2519,3069,0.820788,409,2246,2655,5022,1267,176,1777,1750,13235
1626192,00,0,352,16,6026.0,683,1549,0.440929,318,902,0.352549,140,178,0.786516,241,878,1119,439,138,103,188,399,1824
1626188,00,0,188,29,2652.0,479,1039,0.46102,180,441,0.408163,62,78,0.794871,46,268,314,298,52,7,135,201,1200
1629076,00,0,45,1,491.0,77,115,0.669565,1,2,0.5,24,43,0.558139,34,75,109,18,11,2,24,40,179
202326,00,0,606,554,18792.0,4413,9600,0.459687,389,1166,0.333619,3157,4286,0.736584,1618,4776,6394,1908,839,721,2064,2282,12372
203496,00,0,466,418,14125.0,1881,4644,0.405038,1062,2962,0.358541,794,979,0.811031,431,2300,2731,711,758,436,743,1406,5618
203459,00,0,381,113,9125.0,1226,2888,0.424515,617,1596,0.386591,384,462,0.831168,109,964,1073,434,223,104,285,764,3453
1628470,00,0,222,77,4007.0,455,995,0.457286,162,490,0.330612,110,163,0.674846,249,527,776,193,100,124,114,456,1182
203109,00,0,668,339,16675.0,2207,5264,0.419262,1019,2945,0.34601,991,1276,0.776645,474,2313,2787,1058,641,224,585,1349,6424
1629633,00,0,97,42,2005.0,299,737,0.405698,79,274,0.288321,83,165,0.50303,104,212,316,134,74,47,109,183,760
203552,00,0,313,135,7355.0,1195,2524,0.473454,572,1287,0.444444,323,380,0.85,98,545,643,602,221,39,316,475,3285
201939,00,0,762,756,26150.0,6340,13296,0.476835,2832,6540,0.433027,2922,3222,0.90689,519,2984,3503,4984,1282,164,2392,1851,18434
203584,00,0,339,20,5046.0,767,1914,0.400731,555,1404,0.395299,143,179,0.798882,74,372,446,185,100,21,187,429,2232
203076,00,0,564,559,19401.0,5005,9739,0.513913,279,894,0.31208,3174,3973,0.798892,1412,4356,5768,1292,775,1323,1097,1322,13463
202334,00,0,691,103,13555.0,1762,3112,0.566195,0,4,0.0,739,1263,0.585114,1576,2976,4552,532,346,557,527,1716,4263
1629056,00,0,133,8,2283.0,394,892,0.441704,192,509,0.37721,96,114,0.842105,70,321,391,198,83,28,139,221,1076
201942,00,0,881,869,30047.0,6359,13814,0.46033,360,1282,0.280811,4673,5609,0.833125,652,3183,3835,3355,867,256,1805,1984,17751
203473,00,0,410,194,7406.0,1046,2004,0.521956,156,471,0.33121,386,527,0.732447,645,1805,2450,285,225,348,401,1041,2634
203521,00,0,447,93,9074.0,877,2273,0.385833,400,1100,0.363636,309,368,0.839673,167,631,798,1649,206,21,552,845,2463
1628978,00,0,159,90,3746.0,535,1237,0.432497,236,676,0.349112,123,169,0.72781,163,600,763,388,170,41,200,263,1429
1627767,00,0,180,3,2154.0,398,665,0.598496,2,7,0.285714,149,193,0.77202,175,572,747,78,55,73,116,267,947
1628977,00,0,149,15,2648.0,431,931,0.462943,48,163,0.294478,202,322,0.627329,141,395,536,154,99,43,150,312,1112
203476,00,0,553,205,11897.0,1638,3271,0.500764,146,409,0.356968,894,1128,0.792553,989,2317,3306,750,453,522,635,1230,4316
203915,00,0,320,133,8227.0,1324,3228,0.410161,441,1386,0.318181,1034,1302,0.794162,133,755,888,1587,216,91,565,749,4123
1629029,00,0,199,199,6627.0,1734,3792,0.457278,531,1603,0.331253,1116,1518,0.735177,218,1445,1663,1534,203,75,788,442,5115
1629652,00,0,88,80,2364.0,333,857,0.388564,143,430,0.332558,164,217,0.75576,62,208,270,115,76,23,101,231,973
1628422,00,0,211,49,4221.0,601,1442,0.416782,253,732,0.345628,135,190,0.710526,58,472,530,314,109,20,151,255,1590
1629635,00,0,94,30,1623.0,199,518,0.384169,54,213,0.253521,76,110,0.690909,59,202,261,66,44,17,79,174,528
1628408,00,0,87,6,1554.0,222,535,0.414953,66,206,0.320388,64,97,0.659793,51,204,255,160,47,28,74,134,574
201609,00,0,867,522,24235.0,4407,9543,0.461804,1082,2973,0.363942,2150,2805,0.766488,614,2056,2670,4168,844,159,1967,2009,12046
203083,00,0,645,594,19830.0,3943,7332,0.537779,15,111,0.135135,1457,3099,0.470151,3024,5815,8839,872,898,987,1296,2056,9358
201162,00,0,904,286,20116.0,2408,5197,0.463344,883,2247,0.392968,934,1276,0.731974,805,2044,2849,1395,710,167,763,1636,6633
1627739,00,0,231,126,5561.0,772,1839,0.419793,127,417,0.304556,218,300,0.726666,90,676,766,950,353,103,414,686,1889
201142,00,0,884,881,32461.0,8138,16462,0.49435,1655,4311,0.383901,5952,6744,0.882562,630,5609,6239,3681,973,986,2773,1688,23883
1629035,00,0,68,1,626.0,89,239,0.372384,42,139,0.302158,24,32,0.75,9,64,73,38,19,5,22,59,244
1627740,00,0,83,2,788.0,121,326,0.371165,49,146,0.335616,51,66,0.772727,28,178,206,49,13,3,41,63,342
201961,00,0,727,197,15290.0,2135,5204,0.410261,1132,2964,0.381916,501,594,0.843434,228,1338,1566,822,389,61,489,842,5903
203954,00,0,260,260,7943.0,2133,4384,0.486541,296,901,0.328523,1894,2343,0.808365,618,2318,2936,796,208,443,895,829,6456
203516,00,0,388,140,7966.0,896,1961,0.456909,314,872,0.360091,494,620,0.796774,388,906,1294,370,242,111,301,787,2600
1629234,00,0,99,6,1141.0,174,298,0.583892,3,3,1.0,108,145,0.744827,108,252,360,64,25,71,74,136,459
1628980,00,0,59,2,622.0,63,187,0.336898,17,54,0.314814,25,30,0.833333,15,51,66,54,16,15,36,69,168
203957,00,0,245,72,4545.0,509,1252,0.406549,167,547,0.305301,204,267,0.764044,91,350,441,515,101,44,308,429,1389
1629605,00,0,26,0,168.0,32,43,0.744186,0,0,0.0,6,18,0.333333,17,50,67,4,2,24,9,29,70
202324,00,0,751,485,18549.0,3326,6225,0.534297,36,176,0.204545,1460,2200,0.663636,1875,3549,5424,826,560,927,986,1914,8148
1626245,00,0,252,20,3554.0,431,754,0.571618,0,14,0.0,216,321,0.672897,381,611,992,183,72,50,155,358,1078
1628390,00,0,204,124,4001.0,334,827,0.403869,195,583,0.334476,61,81,0.753086,75,188,263,144,92,43,93,476,924
1628981,00,0,89,13,939.0,121,243,0.497942,5,39,0.128205,44,73,0.602739,83,193,276,59,22,20,63,130,291
1627812,00,0,259,53,5212.0,723,1721,0.420104,289,791,0.36536,259,310,0.835483,70,467,537,601,167,29,219,356,1994
1627827,00,0,314,202,8116.0,861,1970,0.437055,388,1117,0.347358,239,328,0.728658,458,959,1417,404,228,129,257,670,2349
1627854,00,0,331,165,7028.0,1098,2497,0.439727,584,1416,0.412429,244,307,0.794788,55,555,610,431,131,7,229,477,3024
203095,00,0,565,417,16118.0,2910,6471,0.449698,1050,2768,0.379335,1227,1524,0.805118,234,1327,1561,1505,491,78,935,1374,8097
1628368,00,0,263,249,8242.0,1753,3824,0.45842,290,890,0.325842,985,1371,0.718453,144,763,907,1675,364,117,732,682,4781
1626187,00,0,13,0,145.0,7,29,0.241379,4,23,0.173913,9,14,0.642857,1,9,10,2,2,0,5,22,27
204025,00,0,277,81,4880.0,501,1241,0.403706,125,388,0.322164,246,338,0.72781,134,501,635,1108,190,25,364,490,1373
1628982,00,0,29,0,170.0,22,55,0.4,8,22,0.363636,3,8,0.375,5,10,15,4,10,2,6,17,55
1628365,00,0,113,83,2891.0,510,1142,0.446584,44,166,0.26506,164,236,0.694915,83,293,376,524,127,22,207,234,1228
1629117,00,0,51,1,476.0,45,108,0.416666,19,52,0.365384,26,39,0.666666,41,65,106,19,20,15,31,71,135
1629655,00,0,97,18,1400.0,248,359,0.690807,0,0,0.0,104,168,0.619047,146,191,337,50,39,131,70,196,600
201568,00,0,662,545,20107.0,3195,7479,0.427196,1314,3438,0.382198,2852,3257,0.875652,466,2736,3202,1313,509,250,847,1212,10556
204038,00,0,445,62,9734.0,1298,3260,0.398159,637,1722,0.369918,409,501,0.816367,209,879,1088,720,303,64,263,697,3642
1629636,00,0,113,109,3614.0,642,1501,0.427714,210,562,0.373665,175,204,0.857843,50,190,240,558,108,10,315,202,1669
201188,00,0,891,866,28721.0,4635,9638,0.480908,431,1197,0.360066,2813,3625,0.776,1411,5193,6604,2996,792,1254,1755,2551,12514
200752,00,0,1009,778,32707.0,6404,14105,0.454023,1083,3096,0.349806,3012,3770,0.798938,1359,4519,5878,2167,1187,761,2161,2361,16903
202331,00,0,706,658,23664.0,4846,11107,0.436301,1761,4588,0.383827,2822,3330,0.847447,632,3890,4522,2465,1201,311,1862,1882,14275
201959,00,0,844,443,21031.0,3265,6305,0.517842,29,133,0.218045,1300,1831,0.709994,1950,3298,5248,848,481,887,962,2119,7859
1628385,00,0,142,17,1835.0,356,696,0.511494,8,31,0.258064,112,167,0.670658,140,403,543,174,61,53,137,323,832
1628983,00,0,187,178,5782.0,1106,2296,0.481707,209,560,0.373214,629,781,0.805377,123,687,810,709,202,115,381,362,3050
203497,00,0,545,453,16180.0,2434,3772,0.645281,0,7,0.0,1697,2695,0.629684,1782,4369,6151,735,367,1220,889,1403,6565
1629164,00,0,97,6,1107.0,166,436,0.380733,60,196,0.306122,65,84,0.773809,20,124,144,160,29,4,68,91,457
203932,00,0,453,364,12901.0,2171,4829,0.449575,500,1559,0.320718,919,1322,0.695158,716,2155,2871,1125,345,291,659,905,5761
201569,00,0,692,524,22589.0,3901,9175,0.425177,1622,4411,0.367717,2074,2554,0.812059,283,1415,1698,1967,613,240,1364,1358,11498
1628984,00,0,164,100,4546.0,694,1848,0.375541,431,1183,0.364327,359,437,0.82151,74,349,423,887,133,23,295,240,2178
1626203,00,0,180,44,2883.0,266,694,0.383285,120,360,0.333333,105,152,0.690789,121,279,400,144,76,16,76,297,757
203924,00,0,508,223,12955.0,1883,4124,0.456595,487,1402,0.34736,1172,1662,0.705174,461,1537,1998,636,304,566,532,1156,5425
1627982,00,0,7,0,109.0,12,43,0.279069,3,13,0.230769,7,11,0.636363,3,9,12,14,8,2,12,9,34
201980,00,0,757,681,19388.0,2398,5676,0.42248,1458,3637,0.400879,523,650,0.804615,466,2188,2654,1206,786,594,770,1332,6777
203110,00,0,639,491,18182.0,2045,4687,0.436313,555,1758,0.315699,969,1355,0.715129,703,3711,4414,3413,894,661,1375,1786,5614
101123,00,0,658,118,13026.0,2312,5546,0.416877,962,2668,0.360569,826,1010,0.817821,318,1321,1639,596,335,199,721,1228,6412
203210,00,0,420,157,9051.0,1284,2732,0.469985,355,935,0.379679,487,631,0.77179,738,1762,2500,386,230,177,461,1126,3410
1629750,00,0,89,4,942.0,116,228,0.508771,19,63,0.301587,58,82,0.707317,50,114,164,43,52,14,42,88,309
201145,00,0,976,584,28615.0,4538,10212,0.444379,1036,3045,0.340229,2411,3000,0.803666,867,3404,4271,1529,691,512,1410,2120,12523
201933,00,0,668,652,22859.0,5223,10545,0.495305,477,1428,0.334033,3061,4400,0.695681,1380,4346,5726,2889,585,336,1679,1888,13984
1629741,00,0,44,0,484.0,62,157,0.394904,25,83,0.301204,24,26,0.923076,14,59,73,45,12,8,36,34,173
1629657,00,0,34,0,245.0,31,93,0.333333,13,49,0.265306,16,20,0.8,5,31,36,33,6,0,11,21,91
1629060,00,0,105,105,3241.0,564,1193,0.472757,70,224,0.3125,240,301,0.797342,127,479,606,169,81,15,121,225,1438
1628985,00,0,11,0,81.0,6,30,0.2,4,17,0.235294,4,8,0.5,2,5,7,13,4,1,5,6,20
203501,00,0,544,268,14593.0,2643,6225,0.424578,1151,3201,0.359575,1114,1365,0.816117,183,1311,1494,1003,328,77,588,914,7551
201935,00,0,877,663,30196.0,6513,14659,0.4443,2445,6728,0.363406,6574,7659,0.858336,687,4107,4794,5730,1367,476,3255,2303,22045
203090,00,0,574,348,13155.0,1603,3373,0.475244,347,1081,0.320999,489,788,0.620558,646,1440,2086,549,554,375,490,1188,4042
1629607,00,0,11,0,24.0,1,8,0.125,0,3,0.0,3,4,0.75,0,2,2,1,0,0,3,1,5
1626149,00,0,387,26,8223.0,2023,3286,0.615642,5,60,0.083333,917,1410,0.650354,714,1284,1998,497,223,336,443,846,4968
203914,00,0,407,344,11744.0,1811,4028,0.449602,589,1642,0.358708,636,790,0.805063,248,792,1040,857,488,92,496,725,4847
203925,00,0,400,236,10179.0,1620,3346,0.48416,833,1903,0.437729,353,453,0.779249,233,1055,1288,665,197,78,461,819,4426
202699,00,0,680,560,21076.0,4213,8870,0.474971,900,2452,0.367047,1730,2092,0.826959,681,3483,4164,1476,510,353,961,1360,11056
1627885,00,0,173,23,2631.0,346,793,0.436317,49,173,0.283236,167,233,0.716738,71,346,417,268,166,61,112,254,908
1628404,00,0,242,65,6280.0,741,1715,0.432069,354,1018,0.34774,275,378,0.727513,191,1122,1313,390,212,91,229,525,2111
1628392,00,0,97,4,1046.0,158,279,0.566308,4,17,0.235294,76,113,0.672566,115,203,318,88,35,63,73,201,396
2617,00,0,859,500,21566.0,2645,5402,0.489633,5,58,0.086206,1232,1631,0.755364,1607,4148,5755,729,422,249,804,2043,6527
1629637,00,0,124,17,2043.0,349,539,0.647495,7,18,0.388888,216,310,0.696774,189,327,516,91,51,93,92,262,921
202330,00,0,685,523,21267.0,3679,8124,0.452855,936,2532,0.369668,2382,2889,0.824506,520,2558,3078,2399,679,274,1351,1198,10676
203089,00,0,445,160,8752.0,1438,2661,0.540398,20,80,0.25,487,857,0.568261,802,1566,2368,496,211,642,496,998,3383
1629608,00,0,6,0,28.0,5,14,0.357142,1,2,0.5,3,5,0.6,5,9,14,3,1,0,3,6,14
1627823,00,0,257,57,4211.0,498,1159,0.42968,225,641,0.351014,237,342,0.692982,213,695,908,171,101,55,136,297,1458
1626195,00,0,256,38,3852.0,715,1331,0.53719,30,98,0.306122,349,511,0.682974,508,956,1464,268,107,102,257,412,1809
1629639,00,0,109,23,3143.0,577,1330,0.433834,223,595,0.374789,181,217,0.834101,41,451,492,305,69,26,188,147,1558
1628987,00,0,10,0,52.0,7,27,0.259259,3,20,0.15,0,0,0.0,1,11,12,5,1,1,0,4,17
1626209,00,0,330,69,6108.0,854,2047,0.417195,266,833,0.319327,310,382,0.811518,147,879,1026,415,243,80,371,549,2284
1627741,00,0,387,265,11176.0,2267,5214,0.43479,1155,2847,0.40569,509,590,0.862711,282,1368,1650,951,310,111,669,805,6198
201588,00,0,815,466,22414.0,3181,6952,0.457566,991,2579,0.384257,1626,2024,0.803359,480,2011,2491,2577,738,221,1016,1634,8979
203524,00,0,435,188,9515.0,840,2155,0.389791,360,1080,0.333333,405,508,0.797244,283,1093,1376,650,303,97,376,749,2445
1629658,00,0,32,0,423.0,59,120,0.491666,0,14,0.0,36,54,0.666666,35,62,97,28,18,5,21,31,154
1628988,00,0,182,41,3439.0,508,1261,0.402854,197,530,0.371698,183,220,0.831818,42,270,312,435,122,42,194,285,1396
201950,00,0,772,696,25609.0,4881,10689,0.456637,1038,2899,0.358054,1561,2007,0.777777,690,2370,3060,4916,1159,401,2092,1738,12361
203200,00,0,502,220,12092.0,1484,3719,0.399031,802,2201,0.364379,486,592,0.820945,192,1318,1510,732,502,222,438,801,4256
1626178,00,0,305,154,6761.0,1004,2238,0.448614,44,208,0.211538,708,963,0.735202,440,1244,1684,579,278,162,392,620,2760
1626158,00,0,331,123,6847.0,1290,2159,0.597498,41,163,0.251533,516,696,0.741379,599,1251,1850,355,203,355,291,901,3137
203918,00,0,396,253,10268.0,1630,3866,0.421624,617,1679,0.36748,616,734,0.839237,143,940,1083,698,286,74,415,824,4493
201143,00,0,881,871,28593.0,5159,9972,0.517348,520,1427,0.3644,1450,1920,0.755208,1827,5415,7242,2912,713,1034,1373,1991,12288
1629659,00,0,71,5,1385.0,238,519,0.458574,41,144,0.284722,102,133,0.766917,27,149,176,187,71,22,111,137,619
1627863,00,0,162,91,4227.0,514,1192,0.431208,272,747,0.364123,195,255,0.764705,113,503,616,219,115,67,136,302,1495
2730,00,0,1182,1051,38485.0,6917,11797,0.586335,14,88,0.15909,5265,9309,0.565581,4033,10238,14271,1641,1047,2192,3255,3797,19113
1629739,00,0,2,0,13.0,0,4,0.0,0,4,0.0,0,0,0.0,0,2,2,1,0,0,1,1,0
1628989,00,0,200,156,5935.0,843,1998,0.421921,403,1073,0.375582,144,184,0.782608,133,571,704,668,198,70,275,459,2233
1629631,00,0,86,81,2696.0,400,931,0.429645,139,399,0.34837,183,229,0.799126,61,335,396,156,63,30,132,241,1122
1628990,00,0,97,25,1767.0,215,487,0.441478,34,110,0.30909,90,141,0.638297,55,316,371,77,62,18,72,139,554
201586,00,0,849,685,24064.0,4401,8566,0.513775,571,1592,0.358668,1224,1612,0.759305,1817,4402,6219,696,360,1719,1133,2355,10597
2738,00,0,1192,784,38791.0,4975,10734,0.46348,1063,3195,0.332707,2814,3971,0.708637,1094,4836,5930,5014,1734,608,2203,2135,13827
101141,00,0,825,424,18958.0,3123,7047,0.443167,883,2409,0.366542,1235,1590,0.776729,1397,3264,4661,908,560,293,791,1994,8364
204060,00,0,545,298,14035.0,1690,3731,0.452961,993,2397,0.414267,396,516,0.767441,177,1606,1783,2055,521,85,881,1017,4769
1627742,00,0,313,274,10210.0,2016,4373,0.46101,420,1145,0.366812,1114,1473,0.756279,243,1333,1576,1105,226,184,737,773,5566
202681,00,0,582,582,19713.0,4895,10418,0.469859,1271,3248,0.391317,2232,2534,0.88082,459,1753,2212,3337,775,224,1524,1311,13293
1628371,00,0,136,106,3512.0,473,1088,0.434742,134,406,0.330049,189,237,0.797468,173,568,741,146,145,206,151,274,1269
1628411,00,0,223,50,3746.0,337,827,0.407496,71,248,0.28629,222,278,0.798561,112,430,542,208,101,51,119,333,967
1628402,00,0,160,24,2704.0,462,1071,0.431372,161,463,0.347732,171,223,0.766816,62,241,303,166,57,7,131,222,1256
1628367,00,0,240,89,5888.0,1102,2639,0.417582,230,771,0.298313,514,760,0.676315,229,789,1018,480,225,147,489,645,2948
1628382,00,0,248,61,4741.0,626,1466,0.427012,228,710,0.321126,161,202,0.797029,114,516,630,274,90,39,115,281,1641
202704,00,0,628,391,15664.0,2943,6852,0.429509,781,2237,0.349128,1253,1465,0.85529,328,1523,1851,2661,431,73,1152,1221,7920
1628991,00,0,126,117,3395.0,704,1467,0.47989,213,570,0.373684,325,425,0.764705,145,451,596,154,104,192,212,494,1946
1629713,00,0,72,0,543.0,87,195,0.446153,23,67,0.343283,31,57,0.543859,15,47,62,40,14,12,23,40,228
2544,00,0,1310,1309,50053.0,12903,25604,0.503944,1979,5738,0.344893,7582,10337,0.733481,1538,8213,9751,9696,2063,982,4592,2395,35367
1628518,00,0,30,0,143.0,15,30,0.5,0,0,0.0,12,22,0.545454,16,28,44,7,4,6,4,15,42
1629610,00,0,44,5,634.0,70,160,0.4375,25,85,0.294117,12,14,0.857142,22,67,89,29,19,11,16,67,177
1629660,00,0,64,1,1115.0,166,400,0.415,85,218,0.389908,38,50,0.76,17,120,137,164,35,9,65,90,455
1628993,00,0,49,1,371.0,56,113,0.495575,5,16,0.3125,24,31,0.774193,47,110,157,22,9,10,16,35,141
1629168,00,0,17,0,132.0,18,50,0.36,6,16,0.375,11,12,0.916666,5,18,23,3,5,0,8,7,53
1629661,00,0,117,20,2693.0,379,888,0.426801,223,607,0.36738,96,116,0.827586,82,304,386,155,73,36,72,173,1077
201949,00,0,685,232,14124.0,2138,4504,0.474689,355,1166,0.304459,792,1154,0.686308,549,1912,2461,1453,539,612,983,1541,5423
1629640,00,0,86,68,2268.0,391,794,0.492443,73,203,0.359605,180,240,0.75,103,366,469,136,54,26,91,170,1035
1626169,00,0,371,77,7314.0,846,2257,0.374833,289,969,0.298245,331,435,0.760919,197,957,1154,532,324,86,412,714,2312
204020,00,0,348,78,8618.0,1240,2904,0.426997,433,1204,0.359634,539,692,0.778901,184,873,1057,806,285,137,371,630,3452
203999,00,0,453,412,13540.0,3218,6034,0.533311,439,1265,0.347035,1485,1778,0.835208,1187,3250,4437,2697,518,313,1181,1276,8360
1627745,00,0,143,59,2016.0,263,393,0.669211,3,14,0.214285,134,194,0.690721,155,284,439,94,51,101,80,318,663
1626145,00,0,382,49,6829.0,841,1953,0.430619,219,645,0.339534,274,335,0.81791,86,537,623,1367,378,31,280,346,2175
1627884,00,0,229,89,4637.0,580,1151,0.503909,114,388,0.293814,273,401,0.680798,299,496,795,167,159,160,125,467,1547
201599,00,0,932,756,25573.0,3527,5234,0.673863,1,12,0.083333,1672,3523,0.474595,2918,6960,9878,911,525,1466,1294,2412,8727
202709,00,0,663,134,14562.0,1815,4092,0.443548,338,1015,0.333004,672,868,0.774193,340,1370,1710,1949,520,150,679,1045,4640
1629662,00,0,51,0,344.0,47,121,0.388429,22,70,0.314285,21,25,0.84,13,58,71,19,10,15,17,45,137
1626163,00,0,368,49,7744.0,1239,2905,0.426506,410,1178,0.348047,558,755,0.739072,282,1204,1486,606,160,135,300,573,3446
202683,00,0,713,258,15689.0,3375,6157,0.548156,44,154,0.285714,1427,1840,0.775543,2162,3500,5662,630,291,349,1056,1564,8221
1628379,00,0,227,61,5054.0,782,1741,0.449167,360,871,0.413318,209,243,0.860082,57,561,618,457,105,38,217,334,2133
1629742,00,0,4,0,15.0,0,3,0.0,0,1,0.0,0,0,0.0,0,3,3,1,0,0,2,3,0
203077,00,0,446,356,10979.0,1462,3085,0.473905,28,103,0.271844,798,1116,0.715053,703,1717,2420,515,296,304,400,956,3750
1629663,00,0,16,1,148.0,25,55,0.454545,8,22,0.363636,6,9,0.666666,6,22,28,14,9,3,6,19,64
1628467,00,0,267,114,5939.0,679,1484,0.457547,323,877,0.368301,215,263,0.81749,320,891,1211,277,111,243,172,538,1896
202688,00,0,446,349,13138.0,2250,5474,0.411033,711,2012,0.353379,1058,1313,0.805788,236,1141,1377,1769,385,75,1086,884,6269
1628995,00,0,182,61,3788.0,538,1458,0.368998,225,652,0.345092,244,347,0.70317,99,481,580,162,78,58,176,318,1545
1629723,00,0,62,0,756.0,93,175,0.531428,26,66,0.393939,26,32,0.8125,53,122,175,69,37,12,25,47,238
1627788,00,0,189,30,3380.0,518,1260,0.411111,296,786,0.37659,175,232,0.75431,53,346,399,217,121,28,132,236,1507
1628436,00,0,133,35,2017.0,282,696,0.405172,144,439,0.328018,69,91,0.758241,75,275,350,136,48,116,58,143,777
2594,00,0,1232,423,31184.0,4103,9278,0.442228,2450,5715,0.428696,1297,1479,0.876943,345,3298,3643,2114,804,403,1290,2522,11953
1629066,00,0,131,55,2102.0,292,658,0.443768,97,295,0.328813,99,134,0.738805,86,320,406,113,75,34,136,252,780
1628398,00,0,276,146,8195.0,1590,3551,0.447761,510,1508,0.338196,516,710,0.72676,308,1247,1555,526,153,127,477,577,4206
203897,00,0,411,324,12890.0,2819,6158,0.457778,846,2198,0.384895,1347,1634,0.824357,199,1369,1568,1557,382,122,1100,919,7831
1627746,00,0,148,43,2595.0,429,872,0.491972,30,85,0.352941,181,242,0.747933,223,438,661,152,53,99,151,314,1069
203087,00,0,517,136,10961.0,1994,4494,0.443702,546,1585,0.344479,861,1003,0.858424,277,1642,1919,823,386,196,429,865,5395
1629641,00,0,50,6,653.0,49,139,0.352517,10,45,0.222222,27,37,0.729729,27,49,76,26,14,13,21,57,135
1629724,00,0,8,0,62.0,6,18,0.333333,1,7,0.142857,2,6,0.333333,2,9,11,3,2,0,2,6,15
1627774,00,0,209,48,2869.0,428,923,0.463705,123,402,0.30597,115,160,0.71875,96,285,381,118,92,66,112,242,1094
1627747,00,0,260,131,6979.0,1368,3144,0.435114,356,1061,0.335532,571,780,0.732051,193,809,1002,1009,292,84,501,513,3663
1628388,00,0,146,2,1238.0,204,415,0.491566,31,91,0.340659,38,65,0.584615,95,188,283,43,26,28,32,103,477
1629665,00,0,9,0,44.0,5,19,0.263157,0,5,0.0,5,5,1.0,2,5,7,4,0,0,2,3,15
201584,00,0,811,518,21940.0,2961,6567,0.45089,876,2259,0.387782,967,1134,0.852733,364,1763,2127,1353,809,213,762,1339,7765
1627814,00,0,153,48,3281.0,459,1064,0.43139,204,561,0.363636,191,221,0.864253,73,481,554,248,120,15,122,258,1313
203458,00,0,531,225,10150.0,1588,3141,0.505571,104,313,0.332268,856,1250,0.6848,1026,2154,3180,444,211,525,632,1365,4136
202695,00,0,576,549,18025.0,3986,8080,0.493316,865,2251,0.384273,2248,2620,0.858015,696,2993,3689,1672,1013,367,933,988,11085
203086,00,0,447,93,7157.0,958,1987,0.482133,327,838,0.390214,259,320,0.809375,321,1416,1737,395,83,127,309,965,2502
203081,00,0,682,682,24776.0,5503,12545,0.43866,2051,5468,0.375091,3758,4207,0.893273,412,2444,2856,4514,665,210,1912,1331,16815
1629642,00,0,96,7,1213.0,143,318,0.449685,42,139,0.302158,64,89,0.719101,63,173,236,45,18,27,33,123,392
1626172,00,0,285,70,4281.0,526,930,0.565591,10,57,0.175438,168,276,0.608695,470,684,1154,333,128,154,149,553,1230
201572,00,0,855,817,25894.0,5382,10888,0.494305,633,1861,0.340139,2689,3380,0.795562,1755,3599,5354,1239,495,1515,1469,2269,14086
201577,00,0,903,594,19961.0,3319,6195,0.535754,51,174,0.293103,1253,1677,0.747167,2053,2425,4478,742,214,1016,992,1741,7942
201567,00,0,738,655,23424.0,4383,9925,0.441612,1280,3458,0.370156,3252,3926,0.828323,1989,6141,8130,1759,502,324,1449,1525,13298
200768,00,0,960,724,30483.0,4574,10794,0.423753,1827,4967,0.367827,3297,4061,0.811868,771,3422,4193,5995,1283,281,2251,2633,14272
1627789,00,0,276,42,4569.0,574,1471,0.39021,276,834,0.330935,286,346,0.826589,107,467,574,253,114,36,212,529,1710
1626168,00,0,374,103,6680.0,1023,2353,0.434764,327,958,0.341336,344,488,0.704918,286,1288,1574,389,146,124,303,526,2717
1629133,00,0,12,0,104.0,11,30,0.366666,6,13,0.461538,4,7,0.571428,2,10,12,8,1,0,8,9,32
203705,00,0,26,0,254.0,20,61,0.327868,9,26,0.346153,9,10,0.9,3,22,25,62,11,2,14,20,58
101133,00,0,618,133,10351.0,1201,2254,0.53283,8,50,0.16,799,1305,0.61226,937,1768,2705,357,357,443,601,1635,3209
1627748,00,0,263,65,3625.0,425,976,0.43545,130,397,0.327455,236,347,0.680115,218,508,726,161,96,173,142,460,1216
1629611,00,0,108,16,1625.0,215,429,0.501165,45,111,0.405405,96,121,0.793388,66,231,297,157,40,18,58,172,571
1626246,00,0,263,25,2513.0,599,1047,0.57211,9,35,0.257142,383,495,0.773737,367,691,1058,136,54,89,176,305,1590
1628374,00,0,221,195,6511.0,1217,2769,0.439508,493,1346,0.36627,512,606,0.844884,248,1311,1559,273,144,111,301,396,3439
1628997,00,0,71,4,1135.0,133,340,0.391176,51,162,0.314814,58,85,0.682352,41,138,179,90,49,19,48,94,375
1628998,00,0,100,13,1752.0,172,395,0.435443,34,135,0.251851,67,108,0.62037,90,229,319,181,76,21,84,130,445
1629725,00,0,18,0,174.0,33,86,0.38372,8,30,0.266666,12,19,0.631578,3,14,17,22,12,4,10,8,86
1629103,00,0,66,4,817.0,133,319,0.416927,49,156,0.314102,39,41,0.951219,30,144,174,40,17,19,36,86,354
1628412,00,0,103,3,1617.0,247,624,0.395833,53,176,0.301136,148,196,0.755102,44,160,204,272,55,15,117,124,695
1629726,00,0,82,24,1265.0,121,293,0.412969,95,244,0.389344,115,129,0.891472,22,89,111,36,37,8,18,138,452
202083,00,0,849,740,26344.0,3643,8646,0.42135,1729,4564,0.378834,1657,2010,0.824378,425,2074,2499,1750,866,172,1027,1798,10672
1627775,00,0,199,43,3374.0,292,696,0.41954,92,302,0.304635,84,107,0.785046,64,255,319,270,139,31,123,233,760
203468,00,0,528,431,16480.0,3820,8403,0.454599,1186,2983,0.397586,1145,1387,0.825522,319,1453,1772,1729,456,201,900,1133,9971
204456,00,0,454,78,10039.0,1370,2717,0.504232,103,313,0.329073,227,297,0.764309,240,1106,1346,2273,584,84,737,666,3070
1629667,00,0,63,18,1197.0,166,354,0.468926,44,129,0.341085,59,81,0.728395,60,174,234,66,36,22,56,131,435
203926,00,0,476,43,9788.0,1621,3390,0.478171,615,1510,0.407284,411,499,0.823647,206,915,1121,432,100,47,301,695,4268
201580,00,0,747,319,12810.0,2508,4395,0.570648,10,57,0.175438,830,1395,0.594982,1389,2459,3848,316,305,1131,728,1642,5856
203585,00,0,234,118,4880.0,521,1245,0.418473,202,593,0.34064,125,193,0.647668,202,498,700,305,124,42,155,362,1369
1628035,00,0,165,6,1908.0,263,554,0.474729,75,231,0.324675,61,100,0.61,141,280,421,52,49,24,64,240,662
1629162,00,0,81,4,1529.0,187,420,0.445238,62,168,0.369047,49,69,0.710144,28,129,157,318,85,10,82,75,485
203463,00,0,492,262,11249.0,1552,3731,0.415974,717,1975,0.363037,539,695,0.775539,210,956,1166,504,315,96,553,1072,4360
203895,00,0,123,9,1697.0,302,724,0.417127,83,234,0.3547,159,206,0.771844,34,191,225,167,45,30,87,147,846
1629740,00,0,105,12,1608.0,182,464,0.392241,92,291,0.316151,73,98,0.744897,67,235,302,126,48,26,58,182,529
1629001,00,0,162,40,3196.0,433,1050,0.41238,156,446,0.349775,155,200,0.775,98,417,515,466,205,74,225,307,1177
1629002,00,0,83,6,739.0,134,279,0.480286,13,41,0.317073,54,73,0.739726,52,129,181,51,23,26,54,80,335
203114,00,0,585,510,18552.0,3582,7780,0.460411,1054,2668,0.395052,1593,1812,0.879139,360,2450,2810,2103,718,105,1172,1506,9811
101139,00,0,848,303,17281.0,2883,7016,0.410917,1250,3487,0.358474,1092,1350,0.808888,363,1648,2011,914,601,254,724,1791,8108
203121,00,0,271,28,5359.0,545,1300,0.41923,344,898,0.383073,163,194,0.840206,51,396,447,367,123,66,171,523,1597
1626259,00,0,53,5,355.0,36,83,0.433734,26,64,0.40625,10,16,0.625,7,29,36,15,7,5,10,33,108
201988,00,0,739,57,14667.0,2363,5512,0.428701,1220,3148,0.387547,651,759,0.857707,229,1005,1234,1711,482,56,725,964,6597
200794,00,0,1052,745,30122.0,5410,11043,0.489903,533,1553,0.343206,3068,4166,0.736437,2302,5257,7559,2349,1317,1032,1810,3181,14421
1629003,00,0,123,28,2535.0,468,1031,0.453928,143,382,0.374345,202,248,0.814516,57,214,271,315,67,33,156,251,1281
1628378,00,0,278,270,9372.0,2336,5325,0.438685,726,2003,0.362456,1103,1331,0.8287,214,937,1151,1184,346,87,764,710,6501
1628513,00,0,20,0,131.0,13,38,0.342105,5,24,0.208333,2,2,1.0,1,12,13,23,2,2,11,12,33
1629690,00,0,25,0,168.0,19,47,0.404255,7,25,0.28,2,5,0.4,8,7,15,9,6,1,7,22,47
1628370,00,0,233,1,4159.0,765,1898,0.403055,335,989,0.338725,263,312,0.842948,65,396,461,409,101,48,267,287,2128
1629760,00,0,4,0,19.0,1,4,0.25,0,2,0.0,0,0,0.0,0,3,3,1,2,1,0,1,2
202734,00,0,598,191,12564.0,1927,4236,0.45491,556,1432,0.388268,333,449,0.741648,282,926,1208,1055,395,131,534,946,4743
1629630,00,0,130,130,4127.0,877,1894,0.463041,133,420,0.316666,510,680,0.75,110,401,511,953,115,31,423,197,2397
1629752,00,0,50,0,282.0,29,56,0.517857,7,21,0.333333,6,11,0.545454,19,38,57,15,5,3,10,40,71
202693,00,0,698,375,17427.0,2964,6648,0.445848,594,1743,0.340791,1171,1509,0.77601,853,2816,3669,1130,572,368,1066,1932,7693
1628420,00,0,205,31,4828.0,796,1661,0.479229,210,534,0.393258,200,245,0.816326,70,359,429,709,165,34,140,224,2002
202694,00,0,664,383,17887.0,2958,6795,0.43532,1039,2745,0.378506,1136,1489,0.762928,623,2436,3059,972,460,186,787,1433,8091
1628405,00,0,46,4,373.0,90,163,0.552147,2,10,0.2,44,75,0.586666,35,75,110,26,11,5,30,51,226
1626144,00,0,300,165,7174.0,1222,3049,0.400787,276,855,0.322807,576,774,0.744186,138,746,884,1139,214,88,669,491,3296
1627749,00,0,252,181,5891.0,1055,2336,0.451626,122,367,0.332425,323,426,0.758215,243,1114,1357,913,317,61,414,458,2555
1627750,00,0,345,270,10384.0,2073,4651,0.44571,673,1834,0.366957,820,934,0.877944,270,988,1258,1322,328,109,678,647,5639
1629058,00,0,49,0,527.0,73,194,0.376288,20,88,0.227272,45,62,0.725806,22,69,91,45,17,1,40,31,211
203488,00,0,389,30,6102.0,844,1842,0.458197,340,924,0.367965,294,347,0.847262,331,911,1242,356,132,185,243,572,2322
1629004,00,0,164,41,3030.0,420,1051,0.399619,249,688,0.361918,107,140,0.764285,50,253,303,253,106,17,170,175,1196
1627846,00,0,188,8,2437.0,321,743,0.432032,121,336,0.360119,129,178,0.724719,48,301,349,103,68,51,122,225,892
1626204,00,0,350,122,8487.0,1194,2256,0.529255,143,429,0.333333,358,521,0.68714,710,1619,2329,666,441,179,360,800,2889
203894,00,0,345,55,5987.0,808,2034,0.397246,345,1000,0.345,472,579,0.815198,104,553,657,849,286,48,452,404,2433
2403,00,0,965,626,25234.0,4175,7621,0.547828,7,53,0.132075,2552,3864,0.660455,1688,4140,5828,1719,1041,721,1688,2934,10909
203526,00,0,317,79,4887.0,674,1490,0.452348,211,552,0.382246,228,279,0.817204,73,405,478,617,207,27,295,416,1787
1627777,00,0,229,11,2718.0,417,955,0.436649,258,638,0.404388,65,75,0.866666,59,357,416,146,58,19,112,255,1157
203457,00,0,425,208,9524.0,1330,2422,0.549132,2,10,0.2,556,851,0.653349,840,1807,2647,468,542,642,560,1093,3218
1629668,00,0,5,0,41.0,3,12,0.25,3,8,0.375,1,1,1.0,0,6,6,3,2,0,3,4,10
1629669,00,0,57,0,910.0,161,388,0.414948,53,176,0.301136,61,72,0.847222,22,86,108,81,25,13,31,83,436
1628373,00,0,211,55,4118.0,437,1194,0.365996,150,457,0.328227,131,175,0.748571,78,338,416,562,167,52,269,472,1155
1629134,00,0,123,111,3613.0,720,1572,0.458015,259,711,0.364275,141,160,0.88125,42,317,359,368,108,29,194,260,1840
203994,00,0,355,274,8236.0,1668,3378,0.493783,17,82,0.207317,820,1227,0.668296,885,2009,2894,746,310,455,727,1098,4173
1628021,00,0,191,46,3975.0,518,1055,0.490995,72,223,0.322869,281,422,0.665876,195,520,715,211,149,86,142,392,1389
1626220,00,0,293,153,7111.0,616,1386,0.444444,309,816,0.378676,174,219,0.79452,162,1233,1395,580,206,104,269,661,1715
203124,00,0,472,65,6713.0,1085,2099,0.516912,31,142,0.218309,367,496,0.739919,628,1538,2166,643,189,453,458,960,2568
1628400,00,0,254,24,3705.0,301,763,0.394495,174,499,0.348697,101,144,0.701388,118,421,539,117,69,13,84,270,877
1626143,00,0,247,116,4826.0,1092,2016,0.541666,6,27,0.222222,376,556,0.676258,377,792,1169,225,73,195,347,515,2566
1629059,00,0,108,19,1677.0,186,471,0.394904,64,203,0.31527,87,118,0.737288,28,160,188,242,56,11,107,163,523
1629006,00,0,195,117,4501.0,468,1160,0.403448,130,477,0.272536,353,461,0.765726,191,451,642,253,210,87,193,428,1419
1629644,00,0,42,9,473.0,39,101,0.386138,12,51,0.235294,9,17,0.529411,22,51,73,20,12,12,16,61,99
203506,00,0,454,394,14968.0,2923,6676,0.437837,729,2101,0.346977,1380,1745,0.79083,270,1824,2094,1796,743,217,1163,1090,7955
203482,00,0,570,165,12645.0,2096,4389,0.477557,694,1892,0.366807,895,1143,0.783027,669,2241,2910,1137,434,265,832,1595,5781
1629671,00,0,64,1,629.0,47,131,0.358778,37,107,0.345794,9,11,0.818181,28,73,101,32,15,10,20,70,140
1626224,00,0,261,178,6537.0,935,2225,0.420224,384,1106,0.347197,306,416,0.735576,141,768,909,564,189,39,317,552,2560
1626162,00,0,403,149,10063.0,1660,3835,0.432855,511,1566,0.326309,801,1048,0.764312,365,1407,1772,400,372,200,430,1023,4632
1629745,00,0,3,0,15.0,1,5,0.2,0,2,0.0,2,2,1.0,2,1,3,0,1,0,0,1,4
203953,00,0,298,190,8425.0,1749,3541,0.493928,204,635,0.321259,625,844,0.740521,444,1231,1675,604,267,117,526,614,4327
202718,00,0,440,369,13247.0,2129,4611,0.461721,687,1844,0.372559,626,878,0.712984,356,1616,1972,1201,412,152,657,865,5571
1629672,00,0,100,28,2349.0,466,938,0.496801,55,183,0.300546,231,306,0.754901,110,293,403,178,44,20,137,193,1218
1628394,00,0,28,0,443.0,61,117,0.521367,0,4,0.0,34,58,0.586206,43,65,108,19,9,12,29,77,156
202335,00,0,719,104,14921.0,1871,4185,0.447072,630,1709,0.368636,410,543,0.755064,822,1977,2799,736,368,296,450,1116,4782
1628383,00,0,22,6,295.0,36,89,0.404494,10,40,0.25,4,6,0.666666,17,43,60,19,15,14,6,44,86
101108,00,0,1090,1090,37757.0,7035,14898,0.472211,1481,3988,0.371364,4427,5073,0.872659,692,4231,4923,10275,2332,152,2621,2666,19978
203901,00,0,450,394,12834.0,2019,4491,0.449565,186,644,0.288819,662,1050,0.630476,502,1417,1919,2768,563,145,1037,962,4886
1627780,00,0,71,23,808.0,101,233,0.433476,23,86,0.267441,13,26,0.5,42,107,149,87,52,16,39,103,238
203658,00,0,37,0,315.0,33,63,0.523809,0,1,0.0,11,20,0.55,26,65,91,10,4,40,21,69,77
1629033,00,0,68,0,611.0,71,237,0.299578,27,134,0.201492,34,38,0.894736,14,81,95,78,23,4,52,54,203
203486,00,0,588,313,12975.0,1974,3410,0.578885,2,39,0.051282,1057,1848,0.571969,1185,2628,3813,1385,442,540,886,1622,5007
1627751,00,0,348,97,6439.0,938,1485,0.631649,1,2,0.5,243,460,0.52826,771,1119,1890,412,169,406,299,747,2120
1629738,00,0,32,0,169.0,20,48,0.416666,1,3,0.333333,8,13,0.615384,19,38,57,10,2,12,12,33,49
1629044,00,0,4,0,11.0,3,5,0.6,1,2,0.5,2,2,1.0,0,1,1,2,0,1,0,2,9
1629673,00,0,108,21,2262.0,372,976,0.381147,171,541,0.316081,200,238,0.840336,24,186,210,233,61,19,125,180,1115
1629645,00,0,76,26,1997.0,342,788,0.43401,103,319,0.322884,142,195,0.728205,42,219,261,273,65,22,184,196,929
1629008,00,0,116,62,2816.0,638,1200,0.531666,232,529,0.438563,166,206,0.805825,157,547,704,116,67,79,126,226,1674
203490,00,0,441,301,11685.0,1866,3897,0.478829,590,1468,0.401907,499,629,0.793322,504,1685,2189,673,502,187,356,810,4821
1626171,00,0,381,61,7809.0,1608,3437,0.467849,344,906,0.37969,409,544,0.751838,670,1668,2338,451,210,120,397,694,3969
204001,00,0,286,285,8904.0,1929,4375,0.440914,522,1446,0.360995,961,1188,0.808922,487,1751,2238,418,197,551,475,890,5341
203939,00,0,429,107,7922.0,1182,2079,0.568542,108,372,0.290322,737,990,0.744444,625,1320,1945,427,287,203,287,917,3209
1626181,00,0,376,147,7965.0,1401,3025,0.46314,493,1307,0.377199,628,750,0.837333,140,803,943,529,299,92,429,661,3923
1627752,00,0,301,210,7761.0,1200,2920,0.410958,540,1460,0.369863,457,555,0.823423,166,1102,1268,579,266,136,526,639,3397
203944,00,0,446,366,13601.0,2876,5931,0.484909,328,959,0.342022,1664,2247,0.740542,900,3199,4099,1472,312,196,1178,1414,7744
1629729,00,0,4,0,28.0,3,9,0.333333,0,2,0.0,2,2,1.0,1,2,3,3,0,0,0,5,8
1629629,00,0,84,55,2301.0,309,817,0.378212,116,376,0.30851,168,208,0.807692,57,263,320,122,95,37,130,200,902
200755,00,0,940,488,23965.0,4009,8976,0.446635,1950,4704,0.41454,2060,2310,0.891774,172,1731,1903,1862,420,88,1040,1417,12028
1629675,00,0,100,26,1842.0,404,824,0.490291,93,271,0.343173,152,219,0.694063,116,330,446,107,53,98,91,262,1053
1629244,00,0,24,0,300.0,39,96,0.40625,24,63,0.380952,8,9,0.888888,6,30,36,15,6,2,5,28,110
1626196,00,0,373,299,11433.0,1689,3960,0.426515,592,1654,0.35792,634,762,0.83202,271,921,1192,1057,409,233,536,904,4604
203085,00,0,588,156,14360.0,1977,4730,0.41797,667,1906,0.349947,717,1110,0.645945,198,1047,1245,1348,415,102,655,1278,5338
203460,00,0,307,269,6801.0,573,1211,0.473162,112,443,0.252821,124,265,0.467924,362,868,1230,265,268,199,185,658,1382
1629130,00,0,160,141,4588.0,656,1450,0.452413,530,1254,0.422647,133,153,0.869281,19,482,501,234,83,39,155,385,1975
1629010,00,0,113,12,1605.0,187,515,0.363106,78,252,0.309523,62,86,0.72093,20,188,208,131,51,26,81,189,514
1629620,00,0,18,0,136.0,12,33,0.363636,7,19,0.368421,3,5,0.6,2,10,12,16,3,1,5,12,34
1629011,00,0,158,55,3624.0,570,808,0.705445,0,0,0.0,191,336,0.568452,476,627,1103,90,139,325,98,497,1331
203922,00,0,304,105,5299.0,689,1508,0.456896,193,518,0.372586,233,299,0.779264,204,572,776,238,149,58,155,281,1804
1629676,00,0,64,34,1437.0,207,430,0.481395,32,109,0.293577,87,117,0.743589,89,254,343,107,52,37,114,163,533
200765,00,0,918,732,27873.0,3818,8340,0.457793,418,1296,0.32253,1097,1800,0.609444,895,3346,4241,7414,1488,119,2518,1941,9151
201565,00,0,646,507,20679.0,4662,10200,0.457058,519,1670,0.310778,2076,2505,0.828742,517,1644,2161,3543,499,223,1654,833,11919
203082,00,0,607,178,15179.0,2520,6013,0.419091,1157,3151,0.367185,699,837,0.835125,214,1532,1746,725,524,209,582,1065,6896
1626179,00,0,404,162,9982.0,1662,4058,0.409561,729,1939,0.375966,578,710,0.814084,256,1295,1551,1183,347,88,483,561,4631
201937,00,0,631,593,19158.0,2258,5775,0.390995,557,1713,0.32516,1881,2232,0.842741,404,2215,2619,4820,1151,81,1647,1612,6954
1626156,00,0,359,295,10400.0,2321,5510,0.421234,867,2408,0.360049,819,1062,0.771186,194,1093,1287,1910,409,97,1031,660,6328
1627734,00,0,353,214,9670.0,1887,3594,0.525041,142,442,0.321266,874,1206,0.724709,736,2327,3063,1170,250,157,763,1057,4790
1629677,00,0,36,5,357.0,52,121,0.429752,15,51,0.294117,19,33,0.575757,17,61,78,21,8,10,22,49,138
203960,00,0,236,94,3549.0,483,1026,0.47076,60,242,0.247933,207,309,0.669902,154,474,628,161,91,110,188,449,1233
203967,00,0,356,205,8964.0,1497,3393,0.441202,512,1433,0.357292,674,804,0.838308,538,1548,2086,699,220,79,573,755,4180
203107,00,0,333,169,7710.0,925,1941,0.476558,226,617,0.366288,402,489,0.822085,285,706,991,1402,280,55,467,587,2478
1629678,00,0,33,2,368.0,35,92,0.380434,19,61,0.311475,10,15,0.666666,7,40,47,15,8,4,7,50,99
203471,00,0,557,238,14610.0,2975,6823,0.436025,635,1886,0.336691,1354,1630,0.830674,232,1383,1615,2611,462,74,1336,1109,7939
203118,00,0,555,34,9183.0,1434,3168,0.452651,494,1365,0.361904,374,494,0.757085,378,1349,1727,499,183,74,357,822,3736
200757,00,0,869,475,19060.0,1916,4264,0.449343,513,1468,0.349455,649,887,0.731679,626,2626,3252,1196,935,366,755,1418,4994
1629012,00,0,207,197,6863.0,1557,3397,0.458345,314,815,0.385276,752,905,0.830939,176,451,627,697,171,23,510,485,4180
1629013,00,0,193,69,4657.0,584,1404,0.415954,407,1025,0.397073,206,247,0.834008,38,308,346,315,88,30,135,390,1781
1629621,00,0,4,0,28.0,3,12,0.25,2,6,0.333333,3,4,0.75,1,6,7,1,0,1,3,4,11
202697,00,0,461,246,11471.0,1225,3130,0.391373,489,1450,0.337241,381,499,0.763527,324,1210,1534,845,514,120,530,1058,3320
1627783,00,0,332,238,9202.0,1812,3713,0.488015,313,964,0.324688,802,1025,0.782439,426,1516,1942,881,286,229,532,860,4739
1629735,00,0,59,0,439.0,58,94,0.617021,1,4,0.25,48,70,0.685714,67,86,153,29,10,27,42,109,165
1627732,00,0,275,275,9326.0,1784,3188,0.559598,5,34,0.147058,809,1354,0.597488,523,1694,2217,2127,464,199,925,777,4382
1628424,00,0,33,12,645.0,80,189,0.42328,11,39,0.282051,25,25,1.0,14,36,50,68,18,5,44,61,196
1629014,00,0,154,5,2694.0,410,1000,0.41,205,537,0.38175,131,165,0.793939,42,263,305,199,45,18,115,240,1156
1629346,00,0,29,1,223.0,31,67,0.462686,7,23,0.304347,18,25,0.72,16,27,43,17,6,9,16,25,87
203935,00,0,449,228,13188.0,1515,4029,0.376023,677,2117,0.319792,870,1119,0.777479,393,1203,1596,1901,702,173,780,1173,4577
202397,00,0,654,166,13228.0,2149,4995,0.43023,276,858,0.321678,481,709,0.67842,238,1412,1650,2555,471,163,819,871,5055
1629015,00,0,13,2,143.0,17,45,0.377777,6,19,0.315789,8,12,0.666666,3,12,15,12,5,2,8,12,48
1628372,00,0,179,131,4515.0,812,2030,0.4,208,659,0.315629,279,428,0.651869,115,433,548,785,189,60,432,383,2111
203503,00,0,548,298,12270.0,1266,2926,0.432672,683,1720,0.397093,270,320,0.84375,156,1112,1268,641,250,129,310,776,3485
1629034,00,0,16,3,166.0,27,51,0.529411,0,4,0.0,4,14,0.285714,17,35,52,5,9,10,12,26,58
1629016,00,0,95,14,1691.0,225,539,0.417439,87,238,0.365546,105,137,0.766423,149,264,413,94,59,49,85,130,642
1629622,00,0,41,0,513.0,87,190,0.457894,50,149,0.33557,17,25,0.68,6,36,42,24,11,2,8,44,241
1628410,00,0,108,29,1520.0,232,489,0.474437,56,168,0.333333,99,136,0.727941,38,127,165,114,60,24,83,159,619
1628403,00,0,75,4,655.0,70,160,0.4375,2,17,0.117647,27,44,0.613636,59,159,218,56,14,11,73,127,169
1628369,00,0,289,289,9452.0,2020,4415,0.457531,597,1507,0.396151,957,1139,0.84021,234,1577,1811,772,335,203,562,596,5594
201952,00,0,826,600,22164.0,3548,7984,0.444388,708,1967,0.359938,2257,2673,0.844369,274,1715,1989,4585,936,277,1803,1542,10061
202066,00,0,632,271,13687.0,1459,3612,0.403931,632,1826,0.346111,532,716,0.743016,257,1220,1477,1114,529,211,598,1217,4082
1628464,00,0,259,120,5010.0,765,1391,0.549964,125,373,0.33512,278,381,0.729658,410,871,1281,343,129,231,209,704,1933
202738,00,0,528,361,15230.0,3100,7123,0.435209,1014,2793,0.36305,2317,2656,0.872364,279,1012,1291,2604,465,56,1227,1112,9531
1629017,00,0,39,2,410.0,59,152,0.388157,24,76,0.315789,18,24,0.75,12,27,39,36,19,11,13,39,160
1629744,00,0,86,1,767.0,123,277,0.444043,74,179,0.413407,21,26,0.807692,16,89,105,41,14,1,30,56,341
202691,00,0,615,578,20338.0,4512,9822,0.459376,1798,4290,0.419114,1173,1384,0.847543,273,1857,2130,1416,561,332,1053,1313,11995
202684,00,0,673,472,18659.0,2513,4850,0.518144,9,35,0.257142,1213,1991,0.609241,2284,3548,5832,691,341,480,780,1557,6248
1629680,00,0,130,22,2585.0,214,508,0.421259,99,300,0.33,33,59,0.559322,74,157,231,142,198,118,83,268,560
201229,00,0,730,105,14198.0,1466,3538,0.414358,865,2320,0.372844,654,848,0.771226,545,1871,2416,650,272,215,462,1171,4451
1626157,00,0,408,408,13996.0,3488,6616,0.527206,629,1595,0.394357,1747,2092,0.835086,1254,3484,4738,1217,317,580,1064,1366,9352
1629018,00,0,134,47,3245.0,532,1276,0.416927,282,718,0.392757,123,158,0.778481,53,210,263,146,105,28,68,186,1469
1629019,00,0,88,4,1749.0,283,624,0.453525,71,185,0.383783,213,266,0.800751,37,189,226,147,31,18,138,146,850
200782,00,0,706,511,20549.0,1807,4308,0.419452,729,2030,0.359113,654,874,0.748283,1077,2926,4003,1000,829,225,697,1749,4997
1629730,00,0,34,0,230.0,29,61,0.475409,5,24,0.208333,33,42,0.785714,4,27,31,11,3,1,12,18,96
202323,00,0,705,295,18939.0,2748,6331,0.434054,270,917,0.294438,1058,1353,0.781966,388,2890,3278,2462,532,184,1267,1380,6824
1626167,00,0,389,356,11144.0,1868,3837,0.486838,330,938,0.351812,879,1142,0.769702,550,2032,2582,469,283,866,520,1132,4945
202685,00,0,621,592,15901.0,3193,5639,0.566235,98,274,0.357664,1521,1950,0.78,1727,4001,5728,634,249,642,962,1735,8005
1627756,00,0,232,45,4595.0,655,1662,0.394103,342,957,0.357366,74,94,0.787234,92,723,815,455,151,31,216,392,1726
1627832,00,0,283,134,7401.0,1174,2899,0.404967,551,1436,0.383704,536,627,0.854864,100,716,816,1270,328,96,387,527,3435
1629020,00,0,92,30,1255.0,157,263,0.596958,1,7,0.142857,65,114,0.570175,128,272,400,81,73,48,68,137,380
1629216,00,0,59,7,738.0,96,270,0.355555,52,176,0.295454,20,23,0.869565,10,51,61,73,26,2,35,85,264
203943,00,0,339,171,5683.0,640,1393,0.45944,92,299,0.307692,288,417,0.690647,470,1272,1742,257,137,136,267,610,1660
202696,00,0,668,607,20451.0,4851,9782,0.49591,452,1265,0.357312,1111,1469,0.756296,1745,5182,6927,1801,580,604,1156,1644,11265
1629731,00,0,75,19,1284.0,143,324,0.441358,80,217,0.368663,30,40,0.75,41,193,234,76,37,25,33,86,396
1629021,00,0,133,34,2003.0,320,666,0.48048,78,248,0.314516,192,235,0.817021,100,350,450,130,65,50,148,317,910
203079,00,0,419,211,11835.0,2106,5110,0.412133,575,1660,0.346385,718,1034,0.69439,166,942,1108,1163,391,113,761,813,5505
202689,00,0,704,659,23718.0,4826,11527,0.418669,1590,4415,0.360135,2741,3262,0.840282,401,2303,2704,3788,895,273,1522,1063,13983
1629022,00,0,138,50,2628.0,424,1012,0.418972,146,396,0.368686,109,141,0.773049,37,274,311,178,68,32,113,186,1103
202322,00,0,613,601,21832.0,4235,9833,0.430692,618,1912,0.323221,2614,3355,0.779135,347,2265,2612,5557,1018,427,2332,1335,11702
1627820,00,0,106,19,1639.0,216,508,0.425196,15,74,0.202702,102,152,0.671052,44,184,228,126,55,21,92,185,549
1628476,00,0,42,1,396.0,26,64,0.40625,17,41,0.414634,13,15,0.866666,4,28,32,43,14,3,7,28,82
202954,00,0,168,1,2765.0,327,766,0.426892,69,226,0.305309,240,265,0.90566,43,247,290,409,116,27,166,261,963
203933,00,0,332,236,9554.0,2124,4191,0.5068,247,692,0.356936,647,830,0.779518,449,923,1372,397,327,168,341,791,5142
1629023,00,0,122,118,3713.0,570,1275,0.447058,198,520,0.380769,196,281,0.697508,151,583,734,284,120,123,221,329,1534
1629139,00,0,83,4,1002.0,109,265,0.41132,41,114,0.359649,34,47,0.723404,47,163,210,53,35,21,27,77,293
1629682,00,0,37,4,356.0,48,133,0.360902,19,62,0.306451,24,25,0.96,5,28,33,78,25,3,42,30,139
1628778,00,0,37,2,384.0,48,108,0.444444,34,76,0.447368,12,17,0.705882,6,56,62,25,10,4,12,41,142
1629683,00,0,31,0,199.0,21,52,0.403846,2,11,0.181818,14,18,0.777777,4,14,18,19,11,3,15,26,58
201566,00,0,943,926,32746.0,7774,17772,0.437429,1063,3481,0.305372,5246,6639,0.790179,1580,5381,6961,8061,1624,293,3893,2451,21857
1629632,00,0,134,55,3830.0,687,1694,0.405548,296,830,0.356626,230,271,0.848708,56,458,514,503,87,21,265,296,1900
1628401,00,0,188,107,4607.0,715,1581,0.452245,219,614,0.356677,386,468,0.824786,88,515,603,640,141,145,237,396,2035
202355,00,0,446,324,11484.0,2472,4253,0.581236,8,26,0.307692,964,1598,0.603254,1442,3587,5029,300,249,1040,703,1162,5916
203952,00,0,525,525,18606.0,3809,8546,0.445705,680,1993,0.341194,1965,2689,0.730754,654,1670,2324,1232,519,348,1080,1140,10263
1629684,00,0,132,14,2181.0,195,458,0.425764,72,225,0.32,69,105,0.657142,107,249,356,132,62,60,106,324,531
1629140,00,0,39,6,552.0,84,144,0.583333,0,4,0.0,34,61,0.557377,72,91,163,21,9,15,21,78,202
1629026,00,0,151,60,3337.0,377,837,0.450418,129,370,0.348648,58,108,0.537037,190,488,678,292,127,57,134,326,941
101150,00,0,1067,122,26304.0,4922,11725,0.419786,1420,4044,0.351137,3975,4725,0.841269,415,1982,2397,3684,924,189,1853,1391,15239
101107,00,0,1072,828,30159.0,3928,8872,0.442741,1046,2894,0.361437,2063,2554,0.807752,1276,4270,5546,1373,824,577,1021,2155,10965
1629057,00,0,113,16,1656.0,286,397,0.720403,0,2,0.0,76,122,0.62295,200,367,567,128,74,166,83,192,648
1628430,00,0,10,0,50.0,5,16,0.3125,2,7,0.285714,2,2,1.0,2,4,6,6,3,1,3,6,14
1629627,00,0,85,85,2694.0,844,1397,0.604151,16,48,0.333333,483,707,0.683168,231,360,591,276,73,48,226,177,2187
1628391,00,0,142,5,1749.0,233,567,0.410934,96,292,0.328767,55,92,0.597826,79,357,436,103,35,42,77,169,617
1629685,00,0,31,0,513.0,57,130,0.438461,26,77,0.337662,21,27,0.777777,20,87,107,33,19,12,32,37,161
1626159,00,0,267,106,7357.0,930,2263,0.410958,200,617,0.324149,299,467,0.640256,265,1148,1413,708,242,101,408,638,2359
1626174,00,0,154,55,3153.0,712,1341,0.530947,144,388,0.371134,370,532,0.695488,224,711,935,144,83,125,190,225,1938
1626153,00,0,334,62,7125.0,958,2115,0.452955,232,663,0.349924,462,583,0.792452,272,826,1098,1058,381,129,352,390,2610
1629625,00,0,4,0,45.0,7,20,0.35,2,10,0.2,3,4,0.75,0,5,5,7,2,0,3,5,19
201152,00,0,1033,710,30933.0,5829,11624,0.501462,498,1504,0.331117,1370,2053,0.667316,2099,4038,6137,1899,1481,430,1532,2268,13526
1629027,00,0,204,204,6748.0,1558,3617,0.430743,497,1447,0.343469,1308,1519,0.861092,134,667,801,1807,190,35,858,355,4921
203469,00,0,467,273,10619.0,1535,2961,0.518405,32,141,0.22695,960,1316,0.729483,944,1880,2824,669,312,315,503,1225,4062
1627790,00,0,113,27,1517.0,273,470,0.580851,0,0,0.0,128,180,0.711111,150,296,446,64,22,40,82,170,674
1627826,00,0,284,151,4992.0,892,1518,0.587615,1,10,0.1,431,563,0.765541,587,1119,1706,290,76,227,268,605,2216
